Datum,Abfallart,Kalendereintrag_am,Vortag_Erinnerung,Uhrzeit_Erinnerung,Quelle
2026-07-02,Biomüll,2026-07-02,2026-07-01,18:00,Marktgemeinde Aggsbach Müllkalender 2026
2026-07-07,Gelber Sack / Kunststoff,2026-07-07,2026-07-06,18:00,Marktgemeinde Aggsbach Müllkalender 2026
2026-07-09,Biomüll,2026-07-09,2026-07-08,18:00,Marktgemeinde Aggsbach Müllkalender 2026
2026-07-14,Restmüll,2026-07-14,2026-07-13,18:00,Marktgemeinde Aggsbach Müllkalender 2026
2026-07-16,Biomüll,2026-07-16,2026-07-15,18:00,Marktgemeinde Aggsbach Müllkalender 2026
2026-07-23,Biomüll,2026-07-23,2026-07-22,18:00,Marktgemeinde Aggsbach Müllkalender 2026
2026-07-30,Biomüll,2026-07-30,2026-07-29,18:00,Marktgemeinde Aggsbach Müllkalender 2026
2026-08-03,Altpapier / Papiertonne,2026-08-03,2026-08-02,18:00,Marktgemeinde Aggsbach Müllkalender 2026
2026-08-06,Biomüll,2026-08-06,2026-08-05,18:00,Marktgemeinde Aggsbach Müllkalender 2026
2026-08-11,Restmüll,2026-08-11,2026-08-10,18:00,Marktgemeinde Aggsbach Müllkalender 2026
2026-08-13,Biomüll,2026-08-13,2026-08-12,18:00,Marktgemeinde Aggsbach Müllkalender 2026
2026-08-18,Gelber Sack / Kunststoff,2026-08-18,2026-08-17,18:00,Marktgemeinde Aggsbach Müllkalender 2026
2026-08-20,Biomüll,2026-08-20,2026-08-19,18:00,Marktgemeinde Aggsbach Müllkalender 2026
2026-08-27,Biomüll,2026-08-27,2026-08-26,18:00,Marktgemeinde Aggsbach Müllkalender 2026
2026-09-03,Biomüll,2026-09-03,2026-09-02,18:00,Marktgemeinde Aggsbach Müllkalender 2026
2026-09-08,Restmüll,2026-09-08,2026-09-07,18:00,Marktgemeinde Aggsbach Müllkalender 2026
2026-09-10,Biomüll,2026-09-10,2026-09-09,18:00,Marktgemeinde Aggsbach Müllkalender 2026
2026-09-17,Biomüll,2026-09-17,2026-09-16,18:00,Marktgemeinde Aggsbach Müllkalender 2026
2026-09-24,Biomüll,2026-09-24,2026-09-23,18:00,Marktgemeinde Aggsbach Müllkalender 2026
2026-09-28,Altpapier / Papiertonne,2026-09-28,2026-09-27,18:00,Marktgemeinde Aggsbach Müllkalender 2026
2026-09-29,Gelber Sack / Kunststoff,2026-09-29,2026-09-28,18:00,Marktgemeinde Aggsbach Müllkalender 2026
2026-10-01,Biomüll,2026-10-01,2026-09-30,18:00,Marktgemeinde Aggsbach Müllkalender 2026
2026-10-06,Restmüll,2026-10-06,2026-10-05,18:00,Marktgemeinde Aggsbach Müllkalender 2026
2026-10-08,Biomüll,2026-10-08,2026-10-07,18:00,Marktgemeinde Aggsbach Müllkalender 2026
2026-10-15,Biomüll,2026-10-15,2026-10-14,18:00,Marktgemeinde Aggsbach Müllkalender 2026
2026-10-22,Biomüll,2026-10-22,2026-10-21,18:00,Marktgemeinde Aggsbach Müllkalender 2026
2026-11-03,Restmüll,2026-11-03,2026-11-02,18:00,Marktgemeinde Aggsbach Müllkalender 2026
2026-11-05,Biomüll,2026-11-05,2026-11-04,18:00,Marktgemeinde Aggsbach Müllkalender 2026
2026-11-11,Gelber Sack / Kunststoff,2026-11-11,2026-11-10,18:00,Marktgemeinde Aggsbach Müllkalender 2026
2026-11-19,Biomüll,2026-11-19,2026-11-18,18:00,Marktgemeinde Aggsbach Müllkalender 2026
2026-11-23,Altpapier / Papiertonne,2026-11-23,2026-11-22,18:00,Marktgemeinde Aggsbach Müllkalender 2026
2026-12-01,Restmüll,2026-12-01,2026-11-30,18:00,Marktgemeinde Aggsbach Müllkalender 2026
2026-12-03,Biomüll,2026-12-03,2026-12-02,18:00,Marktgemeinde Aggsbach Müllkalender 2026
2026-12-17,Biomüll,2026-12-17,2026-12-16,18:00,Marktgemeinde Aggsbach Müllkalender 2026
2026-12-22,Gelber Sack / Kunststoff,2026-12-22,2026-12-21,18:00,Marktgemeinde Aggsbach Müllkalender 2026
2026-12-29,Restmüll,2026-12-29,2026-12-28,18:00,Marktgemeinde Aggsbach Müllkalender 2026
2026-12-31,Biomüll,2026-12-31,2026-12-30,18:00,Marktgemeinde Aggsbach Müllkalender 2026
